{"IcoMoonType":"selection","icons":[{"icon":{"paths":["M1001.244 785.067l-176.356-147.911v113.778h-625.778v-113.778l-176.356 147.911 176.356 153.6v-119.467h625.778v119.467z","M728.178 85.333h-68.267l-182.044 466.489h91.022l45.511-153.6h159.289l45.511 153.6h91.022l-182.044-466.489zM676.978 176.356h28.444l51.2 153.6h-125.156l45.511-153.6z","M409.6 85.333h147.911v51.2h-39.822l-147.911 415.289h-85.333l-147.911-415.289h-39.822v-51.2h147.911v51.2h-39.822l119.467 358.4 130.844-358.4h-45.511v-51.2z"],"attrs":[],"isMulticolor":false,"isMulticolor2":false,"grid":0,"tags":["text-letter-spacing"],"colorPermutations":{}},"attrs":[],"properties":{"order":20,"id":7,"name":"text-letter-spacing","prevSize":16,"code":59662},"setIdx":0,"setId":1,"iconIdx":0},{"icon":{"paths":["M238.933 597.333h136.533l-164.978-193.422-164.978 193.422h130.844v210.489h-130.844l164.978 193.422 164.978-193.422h-136.533z","M876.089 426.667l-170.667-403.911h-73.956l-170.667 403.911h-102.4v56.889h625.778v-56.889h-108.089zM654.222 108.089h28.444l51.2 142.222h-130.844l51.2-142.222zM585.956 307.2h164.978l39.822 113.778h-244.622l39.822-113.778z","M876.089 932.978l-170.667-403.911h-73.956l-170.667 403.911h-102.4v56.889h625.778v-56.889h-108.089zM654.222 620.089h28.444l51.2 142.222h-130.844l51.2-142.222zM585.956 819.2h164.978l39.822 113.778h-244.622l39.822-113.778z"],"attrs":[],"isMulticolor":false,"isMulticolor2":false,"grid":0,"tags":["text-line-height"],"colorPermutations":{}},"attrs":[],"properties":{"order":21,"id":6,"name":"text-line-height","prevSize":16,"code":59663},"setIdx":0,"setId":1,"iconIdx":1},{"icon":{"paths":["M77.772 142.582h881.418v103.696h-881.418v-103.696z","M680.506 460.152l-162.025-168.506-162.025 168.506h129.62v421.266h64.81v-421.266z"],"attrs":[],"width":1037,"isMulticolor":false,"isMulticolor2":false,"grid":0,"tags":["text-align-top"],"colorPermutations":{}},"attrs":[],"properties":{"order":22,"id":0,"name":"text-align-top","prevSize":16,"code":59648},"setIdx":0,"setId":1,"iconIdx":2},{"icon":{"paths":["M77.772 466.633h881.418v90.734h-881.418v-90.734z","M667.544 751.797l-162.025-168.506-155.544 168.506h123.139v194.43h71.291v-194.43z","M667.544 272.203l-162.025 168.506-155.544-168.506h123.139v-194.43h71.291v194.43z"],"attrs":[],"width":1037,"isMulticolor":false,"isMulticolor2":false,"grid":0,"tags":["text-align-middle"],"colorPermutations":{}},"attrs":[],"properties":{"order":23,"id":1,"name":"text-align-middle","prevSize":16,"code":59649},"setIdx":0,"setId":1,"iconIdx":3},{"icon":{"paths":["M959.19 880.906l-881.418-0 0-103.696 881.418 0-0 103.696z","M356.456 563.848l162.025 168.506 162.025-168.506h-129.62v-421.266h-64.81v421.266z"],"attrs":[],"width":1037,"isMulticolor":false,"isMulticolor2":false,"grid":0,"tags":["text-align-bottom"],"colorPermutations":{}},"attrs":[],"properties":{"order":24,"id":3,"name":"text-align-bottom","prevSize":16,"code":59650},"setIdx":0,"setId":1,"iconIdx":4},{"icon":{"paths":["M97.215 84.253h881.418v90.734h-881.418v-90.734z","M97.215 849.013h881.418v90.734h-881.418v-90.734z","M550.886 362.937h129.62l-162.025-168.506-162.025 168.506h129.62v298.127h-129.62l162.025 168.506 162.025-168.506h-129.62z"],"attrs":[],"width":1037,"isMulticolor":false,"isMulticolor2":false,"grid":0,"tags":["text-align-justify-vertical"],"colorPermutations":{}},"attrs":[],"properties":{"order":25,"id":2,"name":"text-align-justify-vertical","prevSize":16,"code":59651},"setIdx":0,"setId":1,"iconIdx":5},{"icon":{"paths":["M636.8 457.6h-636.8v-435.2h640v435.2zM32 425.6h569.6v-371.2h-569.6v371.2z","M1020.8 1001.6h-636.8v-435.2h640v435.2zM416 969.6h569.6v-371.2h-569.6v371.2z","M160 256h681.6v537.6h-681.6v-537.6z"],"attrs":[],"isMulticolor":false,"isMulticolor2":false,"grid":0,"tags":["bring-front"],"colorPermutations":{}},"attrs":[],"properties":{"order":26,"id":0,"name":"bring-front","prevSize":16,"code":59652},"setIdx":0,"setId":1,"iconIdx":6},{"icon":{"paths":["M1024 937.6h-755.2v-550.4h755.2v550.4zM313.6 892.8h668.8v-460.8h-668.8v460.8z","M0 89.6h819.2v656h-819.2v-656z"],"attrs":[],"isMulticolor":false,"isMulticolor2":false,"grid":0,"tags":["bring-forward"],"colorPermutations":{}},"attrs":[],"properties":{"order":27,"id":1,"name":"bring-forward","prevSize":16,"code":59653},"setIdx":0,"setId":1,"iconIdx":7},{"icon":{"paths":["M739.2 281.6v329.6h-540.8v332.8h825.6v-662.4z","M761.6 633.6h-761.6v-556.8h758.4v556.8zM44.8 588.8h675.2v-467.2h-675.2v467.2z"],"attrs":[],"isMulticolor":false,"isMulticolor2":false,"grid":0,"tags":["bring-backward"],"colorPermutations":{}},"attrs":[],"properties":{"order":28,"id":2,"name":"bring-backward","prevSize":16,"code":59654},"setIdx":0,"setId":1,"iconIdx":8},{"icon":{"paths":["M400 582.4h441.6v-326.4h-220.8v185.6h-460.8v352h240z","M636.8 457.6h-636.8v-435.2h640v435.2zM32 425.6h569.6v-371.2h-569.6v371.2z","M1020.8 1001.6h-636.8v-435.2h640v435.2zM416 969.6h569.6v-371.2h-569.6v371.2z"],"attrs":[],"isMulticolor":false,"isMulticolor2":false,"grid":0,"tags":["bring-back"],"colorPermutations":{}},"attrs":[],"properties":{"order":29,"id":3,"name":"bring-back","prevSize":16,"code":59655},"setIdx":0,"setId":1,"iconIdx":9},{"icon":{"paths":["M70.4 0h112v1024h-112v-1024z","M252.8 201.6h441.6v246.4h-441.6v-246.4z","M953.6 851.2h-713.6v-275.2h716.8v275.2zM297.6 793.6h598.4v-153.6h-598.4v153.6z"],"attrs":[],"isMulticolor":false,"isMulticolor2":false,"grid":0,"tags":["align-left"],"colorPermutations":{}},"attrs":[],"properties":{"order":30,"id":3,"name":"align-left","prevSize":16,"code":59656},"setIdx":0,"setId":1,"iconIdx":10},{"icon":{"paths":["M454.4 0h112v1024h-112v-1024z","M281.6 201.6h460.8v246.4h-460.8v-246.4z","M880 835.2h-736v-275.2h736v275.2zM204.8 777.6h614.4v-153.6h-614.4v153.6z"],"attrs":[],"isMulticolor":false,"isMulticolor2":false,"grid":0,"tags":["align-center"],"colorPermutations":{}},"attrs":[],"properties":{"order":31,"id":4,"name":"align-center","prevSize":16,"code":59657},"setIdx":0,"setId":1,"iconIdx":11},{"icon":{"paths":["M835.2 0h112v1024h-112v-1024z","M310.4 208h441.6v246.4h-441.6v-246.4z","M784 844.8h-704v-275.2h707.2v275.2zM137.6 787.2h585.6v-153.6h-585.6v153.6z"],"attrs":[],"isMulticolor":false,"isMulticolor2":false,"grid":0,"tags":["align-right"],"colorPermutations":{}},"attrs":[],"properties":{"order":32,"id":1,"name":"align-right","prevSize":16,"code":59658},"setIdx":0,"setId":1,"iconIdx":12},{"icon":{"paths":["M0 70.4h1024v112h-1024v-112z","M566.4 265.6h246.4v438.4h-246.4v-438.4z","M451.2 950.4h-272v-713.6h275.2v713.6zM236.8 889.6h153.6v-592h-153.6v592z"],"attrs":[],"isMulticolor":false,"isMulticolor2":false,"grid":0,"tags":["align-top"],"colorPermutations":{}},"attrs":[],"properties":{"order":33,"id":0,"name":"align-top","prevSize":16,"code":59659},"setIdx":0,"setId":1,"iconIdx":13},{"icon":{"paths":["M0 454.4h1024v112h-1024v-112z","M480 880h-275.2v-736h275.2v736zM265.6 819.2h153.6v-614.4h-153.6v614.4z","M588.8 268.8h246.4v483.2h-246.4v-483.2z"],"attrs":[],"isMulticolor":false,"isMulticolor2":false,"grid":0,"tags":["align-middle"],"colorPermutations":{}},"attrs":[],"properties":{"order":34,"id":2,"name":"align-middle","prevSize":16,"code":59660},"setIdx":0,"setId":1,"iconIdx":14},{"icon":{"paths":["M0 838.4h1024v112h-1024v-112z","M569.6 316.8h246.4v441.6h-246.4v-441.6z","M454.4 787.2h-272v-716.8h275.2v716.8zM240 726.4h153.6v-595.2h-153.6v595.2z"],"attrs":[],"isMulticolor":false,"isMulticolor2":false,"grid":0,"tags":["align-bottom"],"colorPermutations":{}},"attrs":[],"properties":{"order":35,"id":5,"name":"align-bottom","prevSize":16,"code":59661},"setIdx":0,"setId":1,"iconIdx":15}],"height":1024,"metadata":{"name":"presscentric-icons"},"preferences":{"showGlyphs":true,"showCodes":true,"showQuickUse":true,"showQuickUse2":true,"showSVGs":true,"fontPref":{"prefix":"pc-icon-","metadata":{"fontFamily":"presscentric-icons","majorVersion":1,"minorVersion":0},"metrics":{"emSize":1024,"baseline":6.25,"whitespace":50},"embed":false,"showSelector":false,"showMetrics":false,"showMetadata":false,"showVersion":false},"imagePref":{"prefix":"pc-icon-","png":true,"useClassSelector":true,"color":0,"bgColor":16777215,"name":"presscentric","classSelector":".icon","height":32,"columns":16,"margin":16,"numPrefix":false},"historySize":50,"showLiga":false}}