{"IcoMoonType":"selection","icons":[{"icon":{"paths":["M58.329 58.329h920.304v129.62h-920.304v-129.62z","M58.329 317.57h920.304v129.62h-920.304v-129.62z"],"attrs":[{},{}],"width":1037,"isMulticolor":false,"isMulticolor2":false,"grid":0,"tags":["text-align-top"]},"attrs":[{},{}],"properties":{"order":2,"id":0,"name":"text-align-top","prevSize":16,"code":59648},"setIdx":0,"setId":2,"iconIdx":0},{"icon":{"paths":["M58.329 317.57h920.304v129.62h-920.304v-129.62z","M58.329 576.81h920.304v129.62h-920.304v-129.62z"],"attrs":[{},{}],"width":1037,"isMulticolor":false,"isMulticolor2":false,"grid":0,"tags":["text-align-middle"]},"attrs":[{},{}],"properties":{"order":3,"id":1,"name":"text-align-middle","prevSize":16,"code":59649},"setIdx":0,"setId":2,"iconIdx":1},{"icon":{"paths":["M58.329 576.81h920.304v129.62h-920.304v-129.62z","M58.329 836.051h920.304v129.62h-920.304v-129.62z"],"attrs":[{},{}],"width":1037,"isMulticolor":false,"isMulticolor2":false,"grid":0,"tags":["text-align-bottom"]},"attrs":[{},{}],"properties":{"order":4,"id":3,"name":"text-align-bottom","prevSize":16,"code":59650},"setIdx":0,"setId":2,"iconIdx":2},{"icon":{"paths":["M58.329 447.19h920.304v129.62h-920.304v-129.62z","M58.329 58.329h920.304v129.62h-920.304v-129.62z","M58.329 836.051h920.304v129.62h-920.304v-129.62z"],"attrs":[{},{},{}],"width":1037,"isMulticolor":false,"isMulticolor2":false,"grid":0,"tags":["text-align-justify-vertical"]},"attrs":[{},{},{}],"properties":{"order":5,"id":2,"name":"text-align-justify-vertical","prevSize":16,"code":59651},"setIdx":0,"setId":2,"iconIdx":3},{"icon":{"paths":["M636.8 457.6h-636.8v-435.2h640v435.2zM32 425.6h569.6v-371.2h-569.6v371.2z","M1020.8 1001.6h-636.8v-435.2h640v435.2zM416 969.6h569.6v-371.2h-569.6v371.2z","M160 256h681.6v537.6h-681.6v-537.6z"],"attrs":[{},{},{}],"isMulticolor":false,"isMulticolor2":false,"grid":0,"tags":["bring-front"]},"attrs":[{},{},{}],"properties":{"order":6,"id":0,"name":"bring-front","prevSize":16,"code":59652},"setIdx":1,"setId":1,"iconIdx":0},{"icon":{"paths":["M1024 937.6h-755.2v-550.4h755.2v550.4zM313.6 892.8h668.8v-460.8h-668.8v460.8z","M0 89.6h819.2v656h-819.2v-656z"],"attrs":[{},{}],"isMulticolor":false,"isMulticolor2":false,"grid":0,"tags":["bring-forward"]},"attrs":[{},{}],"properties":{"order":7,"id":1,"name":"bring-forward","prevSize":16,"code":59653},"setIdx":1,"setId":1,"iconIdx":1},{"icon":{"paths":["M739.2 281.6v329.6h-540.8v332.8h825.6v-662.4z","M761.6 633.6h-761.6v-556.8h758.4v556.8zM44.8 588.8h675.2v-467.2h-675.2v467.2z"],"attrs":[{},{}],"isMulticolor":false,"isMulticolor2":false,"grid":0,"tags":["bring-backward"]},"attrs":[{},{}],"properties":{"order":8,"id":2,"name":"bring-backward","prevSize":16,"code":59654},"setIdx":1,"setId":1,"iconIdx":2},{"icon":{"paths":["M400 582.4h441.6v-326.4h-220.8v185.6h-460.8v352h240z","M636.8 457.6h-636.8v-435.2h640v435.2zM32 425.6h569.6v-371.2h-569.6v371.2z","M1020.8 1001.6h-636.8v-435.2h640v435.2zM416 969.6h569.6v-371.2h-569.6v371.2z"],"attrs":[{},{},{}],"isMulticolor":false,"isMulticolor2":false,"grid":0,"tags":["bring-back"]},"attrs":[{},{},{}],"properties":{"order":9,"id":3,"name":"bring-back","prevSize":16,"code":59655},"setIdx":1,"setId":1,"iconIdx":3},{"icon":{"paths":["M70.4 0h112v1024h-112v-1024z","M252.8 201.6h441.6v246.4h-441.6v-246.4z","M953.6 851.2h-713.6v-275.2h716.8v275.2zM297.6 793.6h598.4v-153.6h-598.4v153.6z"],"attrs":[{},{},{}],"isMulticolor":false,"isMulticolor2":false,"grid":0,"tags":["align-left"]},"attrs":[{},{},{}],"properties":{"order":10,"id":3,"name":"align-left","prevSize":16,"code":59656},"setIdx":2,"setId":0,"iconIdx":0},{"icon":{"paths":["M454.4 0h112v1024h-112v-1024z","M281.6 201.6h460.8v246.4h-460.8v-246.4z","M880 835.2h-736v-275.2h736v275.2zM204.8 777.6h614.4v-153.6h-614.4v153.6z"],"attrs":[{},{},{}],"isMulticolor":false,"isMulticolor2":false,"grid":0,"tags":["align-center"]},"attrs":[{},{},{}],"properties":{"order":11,"id":4,"name":"align-center","prevSize":16,"code":59657},"setIdx":2,"setId":0,"iconIdx":1},{"icon":{"paths":["M835.2 0h112v1024h-112v-1024z","M310.4 208h441.6v246.4h-441.6v-246.4z","M784 844.8h-704v-275.2h707.2v275.2zM137.6 787.2h585.6v-153.6h-585.6v153.6z"],"attrs":[{},{},{}],"isMulticolor":false,"isMulticolor2":false,"grid":0,"tags":["align-right"]},"attrs":[{},{},{}],"properties":{"order":12,"id":1,"name":"align-right","prevSize":16,"code":59658},"setIdx":2,"setId":0,"iconIdx":2},{"icon":{"paths":["M0 70.4h1024v112h-1024v-112z","M566.4 265.6h246.4v438.4h-246.4v-438.4z","M451.2 950.4h-272v-713.6h275.2v713.6zM236.8 889.6h153.6v-592h-153.6v592z"],"attrs":[{},{},{}],"isMulticolor":false,"isMulticolor2":false,"grid":0,"tags":["align-top"]},"attrs":[{},{},{}],"properties":{"order":13,"id":0,"name":"align-top","prevSize":16,"code":59659},"setIdx":2,"setId":0,"iconIdx":3},{"icon":{"paths":["M0 454.4h1024v112h-1024v-112z","M480 880h-275.2v-736h275.2v736zM265.6 819.2h153.6v-614.4h-153.6v614.4z","M588.8 268.8h246.4v483.2h-246.4v-483.2z"],"attrs":[{},{},{}],"isMulticolor":false,"isMulticolor2":false,"grid":0,"tags":["align-middle"]},"attrs":[{},{},{}],"properties":{"order":14,"id":2,"name":"align-middle","prevSize":16,"code":59660},"setIdx":2,"setId":0,"iconIdx":4},{"icon":{"paths":["M0 838.4h1024v112h-1024v-112z","M569.6 316.8h246.4v441.6h-246.4v-441.6z","M454.4 787.2h-272v-716.8h275.2v716.8zM240 726.4h153.6v-595.2h-153.6v595.2z"],"attrs":[{},{},{}],"isMulticolor":false,"isMulticolor2":false,"grid":0,"tags":["align-bottom"]},"attrs":[{},{},{}],"properties":{"order":15,"id":5,"name":"align-bottom","prevSize":16,"code":59661},"setIdx":2,"setId":0,"iconIdx":5}],"height":1024,"metadata":{"name":"presscentric-icons"},"preferences":{"showGlyphs":true,"showCodes":true,"showQuickUse":true,"showQuickUse2":true,"showSVGs":true,"fontPref":{"prefix":"pc-icon-","metadata":{"fontFamily":"presscentric-icons","majorVersion":1,"minorVersion":0},"metrics":{"emSize":1024,"baseline":6.25,"whitespace":50},"embed":false,"showSelector":false,"showMetrics":false,"showMetadata":false,"showVersion":false},"imagePref":{"prefix":"pc-icon-","png":true,"useClassSelector":true,"color":0,"bgColor":16777215,"name":"presscentric","classSelector":".icon","height":32,"columns":16,"margin":16,"numPrefix":false},"historySize":50,"showLiga":false}}