{"IcoMoonType":"selection","icons":[{"icon":{"paths":["M621.568 67.072c0 36.352 0 72.704 0 109.568 70.656 39.424 133.632 89.088 177.152 146.432 0 174.592 0 349.184 0 523.776 167.424 92.672 379.904 125.952 480.256 59.392 0-210.944 0-422.4 0-633.344-143.36 95.232-512.512-12.288-657.408-205.824z","M84.992 222.72h93.696v103.424h-93.696v-103.424z","M166.912 79.36h93.696v103.424h-93.696v-103.424z","M36.352 74.24h71.168v78.336h-71.168v-78.336z","M621.568 700.416c0-174.592 0-349.184 0-523.776-103.936-57.344-225.28-92.16-326.144-94.208v131.584h-79.36v142.336h-75.264c0 131.584 0 263.168 0 394.24 143.36-95.232 512 12.288 657.408 205.312 0-36.352 0-72.704 0-109.568-70.656-38.4-133.632-88.064-176.64-145.92z"],"attrs":[],"width":1479,"grid":0,"tags":[""]},"attrs":[],"properties":{"order":48,"id":0,"name":"logo","prevSize":16,"code":59662},"setIdx":0,"setId":1,"iconIdx":0},{"icon":{"paths":["M77.772 142.582h881.418v103.696h-881.418v-103.696z","M680.506 460.152l-162.025-168.506-162.025 168.506h129.62v421.266h64.81v-421.266z"],"attrs":[],"width":1037,"isMulticolor":false,"isMulticolor2":false,"grid":0,"tags":["text-align-top"],"colorPermutations":{}},"attrs":[],"properties":{"order":32,"id":0,"name":"text-align-top","prevSize":16,"code":59648},"setIdx":0,"setId":1,"iconIdx":1},{"icon":{"paths":["M77.772 466.633h881.418v90.734h-881.418v-90.734z","M667.544 751.797l-162.025-168.506-155.544 168.506h123.139v194.43h71.291v-194.43z","M667.544 272.203l-162.025 168.506-155.544-168.506h123.139v-194.43h71.291v194.43z"],"attrs":[],"width":1037,"isMulticolor":false,"isMulticolor2":false,"grid":0,"tags":["text-align-middle"],"colorPermutations":{}},"attrs":[],"properties":{"order":33,"id":1,"name":"text-align-middle","prevSize":16,"code":59649},"setIdx":0,"setId":1,"iconIdx":2},{"icon":{"paths":["M959.19 880.906l-881.418-0 0-103.696 881.418 0-0 103.696z","M356.456 563.848l162.025 168.506 162.025-168.506h-129.62v-421.266h-64.81v421.266z"],"attrs":[],"width":1037,"isMulticolor":false,"isMulticolor2":false,"grid":0,"tags":["text-align-bottom"],"colorPermutations":{}},"attrs":[],"properties":{"order":34,"id":3,"name":"text-align-bottom","prevSize":16,"code":59650},"setIdx":0,"setId":1,"iconIdx":3},{"icon":{"paths":["M97.215 84.253h881.418v90.734h-881.418v-90.734z","M97.215 849.013h881.418v90.734h-881.418v-90.734z","M550.886 362.937h129.62l-162.025-168.506-162.025 168.506h129.62v298.127h-129.62l162.025 168.506 162.025-168.506h-129.62z"],"attrs":[],"width":1037,"isMulticolor":false,"isMulticolor2":false,"grid":0,"tags":["text-align-justify-vertical"],"colorPermutations":{}},"attrs":[],"properties":{"order":35,"id":2,"name":"text-align-justify-vertical","prevSize":16,"code":59651},"setIdx":0,"setId":1,"iconIdx":4},{"icon":{"paths":["M636.8 457.6h-636.8v-435.2h640v435.2zM32 425.6h569.6v-371.2h-569.6v371.2z","M1020.8 1001.6h-636.8v-435.2h640v435.2zM416 969.6h569.6v-371.2h-569.6v371.2z","M160 256h681.6v537.6h-681.6v-537.6z"],"attrs":[{},{},{}],"isMulticolor":false,"isMulticolor2":false,"grid":0,"tags":["bring-front"]},"attrs":[{},{},{}],"properties":{"order":36,"id":0,"name":"bring-front","prevSize":16,"code":59652},"setIdx":0,"setId":1,"iconIdx":5},{"icon":{"paths":["M1024 937.6h-755.2v-550.4h755.2v550.4zM313.6 892.8h668.8v-460.8h-668.8v460.8z","M0 89.6h819.2v656h-819.2v-656z"],"attrs":[{},{}],"isMulticolor":false,"isMulticolor2":false,"grid":0,"tags":["bring-forward"]},"attrs":[{},{}],"properties":{"order":37,"id":1,"name":"bring-forward","prevSize":16,"code":59653},"setIdx":0,"setId":1,"iconIdx":6},{"icon":{"paths":["M739.2 281.6v329.6h-540.8v332.8h825.6v-662.4z","M761.6 633.6h-761.6v-556.8h758.4v556.8zM44.8 588.8h675.2v-467.2h-675.2v467.2z"],"attrs":[{},{}],"isMulticolor":false,"isMulticolor2":false,"grid":0,"tags":["bring-backward"]},"attrs":[{},{}],"properties":{"order":38,"id":2,"name":"bring-backward","prevSize":16,"code":59654},"setIdx":0,"setId":1,"iconIdx":7},{"icon":{"paths":["M400 582.4h441.6v-326.4h-220.8v185.6h-460.8v352h240z","M636.8 457.6h-636.8v-435.2h640v435.2zM32 425.6h569.6v-371.2h-569.6v371.2z","M1020.8 1001.6h-636.8v-435.2h640v435.2zM416 969.6h569.6v-371.2h-569.6v371.2z"],"attrs":[{},{},{}],"isMulticolor":false,"isMulticolor2":false,"grid":0,"tags":["bring-back"]},"attrs":[{},{},{}],"properties":{"order":39,"id":3,"name":"bring-back","prevSize":16,"code":59655},"setIdx":0,"setId":1,"iconIdx":8},{"icon":{"paths":["M70.4 0h112v1024h-112v-1024z","M252.8 201.6h441.6v246.4h-441.6v-246.4z","M953.6 851.2h-713.6v-275.2h716.8v275.2zM297.6 793.6h598.4v-153.6h-598.4v153.6z"],"attrs":[{},{},{}],"isMulticolor":false,"isMulticolor2":false,"grid":0,"tags":["align-left"]},"attrs":[{},{},{}],"properties":{"order":40,"id":3,"name":"align-left","prevSize":16,"code":59656},"setIdx":0,"setId":1,"iconIdx":9},{"icon":{"paths":["M454.4 0h112v1024h-112v-1024z","M281.6 201.6h460.8v246.4h-460.8v-246.4z","M880 835.2h-736v-275.2h736v275.2zM204.8 777.6h614.4v-153.6h-614.4v153.6z"],"attrs":[{},{},{}],"isMulticolor":false,"isMulticolor2":false,"grid":0,"tags":["align-center"]},"attrs":[{},{},{}],"properties":{"order":41,"id":4,"name":"align-center","prevSize":16,"code":59657},"setIdx":0,"setId":1,"iconIdx":10},{"icon":{"paths":["M835.2 0h112v1024h-112v-1024z","M310.4 208h441.6v246.4h-441.6v-246.4z","M784 844.8h-704v-275.2h707.2v275.2zM137.6 787.2h585.6v-153.6h-585.6v153.6z"],"attrs":[{},{},{}],"isMulticolor":false,"isMulticolor2":false,"grid":0,"tags":["align-right"]},"attrs":[{},{},{}],"properties":{"order":42,"id":1,"name":"align-right","prevSize":16,"code":59658},"setIdx":0,"setId":1,"iconIdx":11},{"icon":{"paths":["M0 70.4h1024v112h-1024v-112z","M566.4 265.6h246.4v438.4h-246.4v-438.4z","M451.2 950.4h-272v-713.6h275.2v713.6zM236.8 889.6h153.6v-592h-153.6v592z"],"attrs":[{},{},{}],"isMulticolor":false,"isMulticolor2":false,"grid":0,"tags":["align-top"]},"attrs":[{},{},{}],"properties":{"order":43,"id":0,"name":"align-top","prevSize":16,"code":59659},"setIdx":0,"setId":1,"iconIdx":12},{"icon":{"paths":["M0 454.4h1024v112h-1024v-112z","M480 880h-275.2v-736h275.2v736zM265.6 819.2h153.6v-614.4h-153.6v614.4z","M588.8 268.8h246.4v483.2h-246.4v-483.2z"],"attrs":[{},{},{}],"isMulticolor":false,"isMulticolor2":false,"grid":0,"tags":["align-middle"]},"attrs":[{},{},{}],"properties":{"order":44,"id":2,"name":"align-middle","prevSize":16,"code":59660},"setIdx":0,"setId":1,"iconIdx":13},{"icon":{"paths":["M0 838.4h1024v112h-1024v-112z","M569.6 316.8h246.4v441.6h-246.4v-441.6z","M454.4 787.2h-272v-716.8h275.2v716.8zM240 726.4h153.6v-595.2h-153.6v595.2z"],"attrs":[{},{},{}],"isMulticolor":false,"isMulticolor2":false,"grid":0,"tags":["align-bottom"]},"attrs":[{},{},{}],"properties":{"order":45,"id":5,"name":"align-bottom","prevSize":16,"code":59661},"setIdx":0,"setId":1,"iconIdx":14},{"icon":{"paths":["M386.844 227.556l-164.978 142.222v-108.089h-216.178v-68.267h216.178v-108.089z","M428.988 592.68l-0-73.956 466.489-0 0 73.956-466.489 0z","M426.815 944.27l-0-73.956 591.644-0 0 73.956-591.644 0z","M426.633 759.017l-0-73.956 563.2-0 0 73.956-563.2 0z","M984.178 386.844h-551.822v-307.2h546.133v307.2zM500.622 324.267h420.978v-182.044h-420.978v182.044z"],"attrs":[{},{},{},{},{}],"isMulticolor":false,"isMulticolor2":false,"grid":0,"tags":["text-space-before"]},"attrs":[{},{},{},{},{}],"properties":{"order":46,"id":6,"name":"text-space-before","prevSize":16,"code":59663},"setIdx":0,"setId":1,"iconIdx":15},{"icon":{"paths":["M386.844 796.444l-170.667-142.222v113.778h-210.489v62.578h210.489v108.089z","M890.061 430.842l-0 73.956-466.489-0 0-73.956 466.489 0z","M1017.987 78.188l-0 73.956-591.644-0 0-73.956 591.644 0z","M989.793 263.959l-0 73.956-563.2-0 0-73.956 563.2 0z","M984.178 950.044h-551.822v-312.889h546.133v312.889zM500.622 881.778h420.978v-182.044h-420.978v182.044z"],"attrs":[{},{},{},{},{}],"isMulticolor":false,"isMulticolor2":false,"grid":0,"tags":["text-space-after"]},"attrs":[{},{},{},{},{}],"properties":{"order":47,"id":7,"name":"text-space-after","prevSize":16,"code":59664},"setIdx":0,"setId":1,"iconIdx":16}],"height":1024,"metadata":{"name":"presscentric-icons"},"preferences":{"showGlyphs":true,"showCodes":true,"showQuickUse":true,"showQuickUse2":true,"showSVGs":true,"fontPref":{"prefix":"pc-icon-","metadata":{"fontFamily":"presscentric-icons","majorVersion":1,"minorVersion":0},"metrics":{"emSize":1024,"baseline":6.25,"whitespace":50},"embed":false,"showSelector":false,"showMetrics":false,"showMetadata":false,"showVersion":false,"noie8":false,"ie7":false},"imagePref":{"prefix":"pc-icon-","png":true,"useClassSelector":true,"color":0,"bgColor":16777215,"name":"presscentric","classSelector":".icon","height":32,"columns":16,"margin":16,"numPrefix":false},"historySize":50,"showLiga":false,"gridSize":16}}